filename,slices,height,width,dtype,min_pixel,max_pixel,mean_pixel,file_size_mb,status
1.2.826.0.1.3680043.8.498.10001344172545964778532427094848882081.npz,24,224,224,uint8,11,243,88.67186005261479,0.95,OK
1.2.826.0.1.3680043.8.498.10012053860908951630034517323361929409.npz,24,224,224,uint8,0,252,102.77205403645833,0.82,OK
1.2.826.0.1.3680043.8.498.10287904273310059382196983779019849923.npz,24,224,224,uint8,14,245,94.86635376806973,0.89,OK
1.2.826.0.1.3680043.8.498.10361163772957053587148227437761903657.npz,24,224,224,uint8,0,254,107.85804551312712,0.89,OK
1.2.826.0.1.3680043.8.498.10384735195657086082856589318374515404.npz,24,224,224,uint8,0,245,94.53844384433461,0.78,OK
1.2.826.0.1.3680043.8.498.10394947182375544247923690092905167176.npz,24,224,224,uint8,0,250,94.71990011825042,0.85,OK
1.2.826.0.1.3680043.8.498.10574102549068785120150299817609655904.npz,24,224,224,uint8,0,252,101.62118924718325,0.83,OK
1.2.826.0.1.3680043.8.498.10747058567857137959502943890477960088.npz,24,224,224,uint8,0,242,91.53153732196003,0.81,OK
1.2.826.0.1.3680043.8.498.10782428858828111243807774268737552720.npz,24,224,224,uint8,0,249,102.3513723360438,1.0,OK
1.2.826.0.1.3680043.8.498.10790783356264073999992185501529367279.npz,24,224,224,uint8,0,251,99.91709931042729,0.78,OK
1.2.826.0.1.3680043.8.498.10799479496416725407987323179903258953.npz,24,224,224,uint8,0,251,121.97738460618622,0.83,OK
1.2.826.0.1.3680043.8.498.10932995796154723393614655318975049915.npz,24,224,224,uint8,25,247,90.00678611288265,0.85,OK
1.2.826.0.1.3680043.8.498.10968891303104749055226988798403237586.npz,24,224,224,uint8,0,252,94.25434636745324,0.81,OK
1.2.826.0.1.3680043.8.498.10987377836642751711530384619196394627.npz,24,224,224,uint8,0,241,90.88762140598426,0.83,OK
1.2.826.0.1.3680043.8.498.11003432376261546407453277110049150283.npz,24,224,224,uint8,0,247,90.75817372847577,0.89,OK
1.2.826.0.1.3680043.8.498.11022932223748132478475714854014070992.npz,24,224,224,uint8,0,251,91.5322190888074,0.98,OK
1.2.826.0.1.3680043.8.498.11065099376616603651117818394555431646.npz,24,224,224,uint8,0,237,96.35812191087372,0.99,OK
1.2.826.0.1.3680043.8.498.11141658821914679354926570992468612604.npz,24,224,224,uint8,0,236,94.52641036883503,0.84,OK
1.2.826.0.1.3680043.8.498.11450104052174533941354855947032132537.npz,24,224,224,uint8,0,244,88.11686197916667,0.75,OK
1.2.826.0.1.3680043.8.498.11460434292147962660792903502775033671.npz,24,224,224,uint8,0,253,88.39572621040604,0.74,OK
1.2.826.0.1.3680043.8.498.11498680943128516681590603508560718657.npz,24,224,224,uint8,0,251,91.66418373990221,0.96,OK
1.2.826.0.1.3680043.8.498.11503697292988964850537522482109804415.npz,24,224,224,uint8,0,244,107.71006639960672,0.99,OK
1.2.826.0.1.3680043.8.498.11591440518165842045256561646017601624.npz,24,224,224,uint8,6,248,94.0681758543261,0.9,OK
1.2.826.0.1.3680043.8.498.11593657581716220244445985417722685883.npz,24,224,224,uint8,0,232,103.35080516581633,0.86,OK
1.2.826.0.1.3680043.8.498.11603685804070669485751089768792866547.npz,24,224,224,uint8,0,251,101.98443977200255,0.76,OK
1.2.826.0.1.3680043.8.498.11694048493199836318512873941399815316.npz,24,224,224,uint8,0,252,95.4652780545812,0.61,OK
1.2.826.0.1.3680043.8.498.11701762891508090107346803314817269062.npz,24,224,224,uint8,0,250,91.82422871492346,1.0,OK
1.2.826.0.1.3680043.8.498.11775596499462328643441269258376375184.npz,24,224,224,uint8,1,251,123.59273939067815,1.05,OK
1.2.826.0.1.3680043.8.498.11799162913698887642924984283363237911.npz,24,224,224,uint8,0,244,106.62643827062075,1.0,OK
1.2.826.0.1.3680043.8.498.11828451213207624405261972371979611206.npz,24,224,224,uint8,4,250,91.08522251674107,0.83,OK
1.2.826.0.1.3680043.8.498.11838149764282938564694341467168969847.npz,24,224,224,uint8,0,251,95.35671436543367,0.99,OK
1.2.826.0.1.3680043.8.498.11899368256839738621553100899022016458.npz,24,224,224,uint8,2,243,96.08992596061863,0.89,OK
1.2.826.0.1.3680043.8.498.11928835253023108906781394031354721015.npz,24,224,224,uint8,0,249,92.11509901812288,0.91,OK
1.2.826.0.1.3680043.8.498.11988034402635911286299008683445658558.npz,24,224,224,uint8,0,250,89.58273045546343,0.94,OK
1.2.826.0.1.3680043.8.498.12047580885277177081236197611110463074.npz,24,224,224,uint8,0,250,92.5764085419324,0.99,OK
1.2.826.0.1.3680043.8.498.12069473940220088270591721393180140353.npz,24,224,224,uint8,0,251,102.44253976004464,1.01,OK
1.2.826.0.1.3680043.8.498.12093487072854571367026044703082474314.npz,24,224,224,uint8,0,252,93.85591966278699,0.77,OK
1.2.826.0.1.3680043.8.498.12113823066210990212493196377263012861.npz,24,224,224,uint8,0,250,93.65189449803358,0.82,OK
1.2.826.0.1.3680043.8.498.12119038963128830836301952224302332475.npz,24,224,224,uint8,0,249,117.19355203018708,1.05,OK
1.2.826.0.1.3680043.8.498.12130880002847003913625830745806455769.npz,24,224,224,uint8,0,249,94.6885222350659,0.92,OK
1.2.826.0.1.3680043.8.498.12204684374709449411474891529190491098.npz,24,224,224,uint8,1,249,93.43857372050383,0.92,OK
1.2.826.0.1.3680043.8.498.12230536477872701916852281189275395581.npz,24,224,224,uint8,0,252,94.02401546556122,0.8,OK
1.2.826.0.1.3680043.8.498.12320302693215633762757989717078479754.npz,24,224,224,uint8,0,251,111.52786524766157,1.02,OK
1.2.826.0.1.3680043.8.498.12362698058594731801368084727037882156.npz,24,224,224,uint8,0,253,89.24972762542517,0.73,OK
1.2.826.0.1.3680043.8.498.12392385874808941511732045782506116231.npz,24,224,224,uint8,0,248,93.45197654257015,0.78,OK
1.2.826.0.1.3680043.8.498.12397566320943383265870338603540082635.npz,24,224,224,uint8,9,250,95.0723337186437,0.91,OK
1.2.826.0.1.3680043.8.498.12524046139486476803740432065693520062.npz,24,224,224,uint8,0,252,91.54982378693666,0.77,OK
1.2.826.0.1.3680043.8.498.12707440311028479852734571117562305287.npz,24,224,224,uint8,0,251,88.16157874282526,0.94,OK
1.2.826.0.1.3680043.8.498.12727419215265919304381508028645127897.npz,24,224,224,uint8,0,251,96.64177262701956,0.89,OK
1.2.826.0.1.3680043.8.498.12771549602237763789841828877947665531.npz,24,224,224,uint8,4,246,92.7133564851722,0.94,OK
1.2.826.0.1.3680043.8.498.12836209270253860624540818250354794761.npz,24,224,224,uint8,0,249,106.99987709927721,0.79,OK
1.2.826.0.1.3680043.8.498.12869397676148451644017774280524061206.npz,24,224,224,uint8,0,253,130.15907754703443,1.04,OK
1.2.826.0.1.3680043.8.498.12871977925779305440243735750930061290.npz,24,224,224,uint8,0,251,98.05945903752126,0.98,OK
1.2.826.0.1.3680043.8.498.12880956709329274627094397114192376185.npz,24,224,224,uint8,0,252,105.93434610172194,1.01,OK
1.2.826.0.1.3680043.8.498.13123673506421302207042671731444746362.npz,24,224,224,uint8,0,246,93.94545450015944,0.91,OK
1.2.826.0.1.3680043.8.498.13226766539418027648368523696684350727.npz,24,224,224,uint8,9,248,88.87590680803571,0.84,OK
1.2.826.0.1.3680043.8.498.13232411309655372210540775323491942095.npz,24,224,224,uint8,0,252,108.41461057079081,1.0,OK
1.2.826.0.1.3680043.8.498.13266113323584223845785375677885973278.npz,24,224,224,uint8,0,250,97.31282884247449,0.95,OK
1.2.826.0.1.3680043.8.498.13286503379265371033774285205964550322.npz,24,224,224,uint8,0,251,104.10967726934524,0.83,OK
1.2.826.0.1.3680043.8.498.14048739529189334917456148279764342644.npz,24,224,224,uint8,0,250,101.15770653964711,0.8,OK
1.2.826.0.1.3680043.8.498.15228082650758146979970012381023361974.npz,24,224,224,uint8,0,235,102.62540524022108,0.83,OK
1.2.826.0.1.3680043.8.498.15519619291868759169903952028965597876.npz,24,224,224,uint8,0,249,91.00492599383503,0.72,OK
1.2.826.0.1.3680043.8.498.15564555997210963302761715061258517615.npz,24,224,224,uint8,0,252,109.46088518415179,0.83,OK
1.2.826.0.1.3680043.8.498.15805086434277019962649095481574376484.npz,24,224,224,uint8,0,252,92.8333814971301,0.86,OK
1.2.826.0.1.3680043.8.498.17505962601960015648185436568973236643.npz,24,224,224,uint8,0,237,102.44485909598214,0.87,OK
1.2.826.0.1.3680043.8.498.18021473413630328645454451389497261448.npz,24,224,224,uint8,0,252,96.0760265531994,0.82,OK
1.2.826.0.1.3680043.8.498.18579242503683294541152406438995893380.npz,24,224,224,uint8,0,246,90.52666032233206,0.91,OK
1.2.826.0.1.3680043.8.498.19125380753075891196759915303526067956.npz,24,224,224,uint8,0,244,105.79967265226404,0.95,OK
1.2.826.0.1.3680043.8.498.19525394035488600069576706189863701527.npz,24,224,224,uint8,0,250,88.31833280187075,0.89,OK
1.2.826.0.1.3680043.8.498.19635739428844317290418324120194947027.npz,24,224,224,uint8,0,251,102.00277273995536,0.94,OK
1.2.826.0.1.3680043.8.498.20541770403691678577267364860621717118.npz,24,224,224,uint8,0,239,90.08378922858206,0.89,OK
1.2.826.0.1.3680043.8.498.20875811177511119320435700277172013278.npz,24,224,224,uint8,0,250,90.4889679993091,0.83,OK
1.2.826.0.1.3680043.8.498.22118441735689162564622073053597821342.npz,24,224,224,uint8,0,252,88.18765113467262,0.76,OK
1.2.826.0.1.3680043.8.498.22144202160426098663769707671028006189.npz,24,224,224,uint8,0,251,91.3709409545068,0.75,OK
1.2.826.0.1.3680043.8.498.22510106959775324133556985118007172626.npz,24,224,224,uint8,0,250,89.36692592075893,0.87,OK
1.2.826.0.1.3680043.8.498.22793554490195421179202308721676214800.npz,24,224,224,uint8,0,245,91.90748897215136,0.74,OK
1.2.826.0.1.3680043.8.498.23364970215057399280655303691211042973.npz,24,224,224,uint8,0,247,92.77261124176233,0.77,OK
1.2.826.0.1.3680043.8.498.24024923226226294642373075936253282669.npz,24,224,224,uint8,14,248,112.48839833785077,0.91,OK
1.2.826.0.1.3680043.8.498.24329565745226215835696326258945983959.npz,24,224,224,uint8,0,249,116.37305850074405,1.05,OK
1.2.826.0.1.3680043.8.498.24712146038044826209016234398325378320.npz,24,224,224,uint8,0,252,100.0564272095557,0.85,OK
1.2.826.0.1.3680043.8.498.25300898727036340186893896779808410901.npz,24,224,224,uint8,0,231,89.0089725831739,0.83,OK
1.2.826.0.1.3680043.8.498.25377335743713847654967046430618190250.npz,24,224,224,uint8,0,246,88.60126023065476,0.88,OK
1.2.826.0.1.3680043.8.498.25631418567290041262873690097185653987.npz,24,224,224,uint8,0,250,95.1503682039222,0.97,OK
1.2.826.0.1.3680043.8.498.25822706776264559233980587028689051936.npz,24,224,224,uint8,0,250,100.32745153725553,1.01,OK
1.2.826.0.1.3680043.8.498.28025583952216818499436381048030807046.npz,24,224,224,uint8,0,253,105.84252763605443,1.02,OK
1.2.826.0.1.3680043.8.498.28823416141301899236616243523828178726.npz,24,224,224,uint8,0,249,91.648787933142,0.98,OK
1.2.826.0.1.3680043.8.498.29129653522831658090409183193596461538.npz,24,224,224,uint8,0,250,91.50672632334184,0.73,OK
1.2.826.0.1.3680043.8.498.29823086899663286443705287746025601451.npz,24,224,224,uint8,0,252,88.77199009486607,0.98,OK
1.2.826.0.1.3680043.8.498.30133596071525793612266168031258338764.npz,24,224,224,uint8,0,250,89.28978910900298,0.75,OK
1.2.826.0.1.3680043.8.498.30675983700626838430873794385403218448.npz,24,224,224,uint8,0,250,102.64606003534226,0.76,OK
1.2.826.0.1.3680043.8.498.30980863675935941008105037879776019329.npz,24,224,224,uint8,0,239,96.49652473294005,0.85,OK
1.2.826.0.1.3680043.8.498.31145361798136458903283678003595838792.npz,24,224,224,uint8,0,252,107.58198142538265,0.91,OK
1.2.826.0.1.3680043.8.498.31553749077632991775170013402888000235.npz,24,224,224,uint8,1,247,94.8557361421131,0.92,OK
1.2.826.0.1.3680043.8.498.32888058490090603929684691773239827379.npz,24,224,224,uint8,3,247,96.96114925462372,0.91,OK
1.2.826.0.1.3680043.8.498.33768242062565931148491037346265910420.npz,24,224,224,uint8,0,255,162.12166341145834,0.61,OK
1.2.826.0.1.3680043.8.498.35351827342679928781284462582776260340.npz,24,224,224,uint8,16,249,92.00843281648596,0.86,OK
1.2.826.0.1.3680043.8.498.35365498214717111637261417961359460480.npz,24,224,224,uint8,4,249,98.28750049824617,0.86,OK
1.2.826.0.1.3680043.8.498.36677416581001786451926887907446235637.npz,24,224,224,uint8,0,235,100.96724446614583,1.0,OK
1.2.826.0.1.3680043.8.498.37652801049726327088077975804750515169.npz,24,224,224,uint8,0,250,118.99238347682824,0.84,OK
1.2.826.0.1.3680043.8.498.38217738737327077731992406456795800810.npz,24,224,224,uint8,2,246,94.87742230681334,0.89,OK
1.2.826.0.1.3680043.8.498.38306391410221340200183992809680611435.npz,24,224,224,uint8,0,250,88.40241516528486,0.96,OK
1.2.826.0.1.3680043.8.498.39506465627529543765264712561750329245.npz,24,224,224,uint8,0,253,89.35353223320578,0.81,OK
1.2.826.0.1.3680043.8.498.40067434011026199339239205594745973862.npz,24,224,224,uint8,0,253,105.05367439944727,0.78,OK
1.2.826.0.1.3680043.8.498.40914537247644284816573138937906978927.npz,24,224,224,uint8,0,249,107.26263137090774,1.02,OK
1.2.826.0.1.3680043.8.498.40988113481459655340517857363130484226.npz,24,224,224,uint8,0,253,107.65417065263605,1.01,OK
1.2.826.0.1.3680043.8.498.41252421516459328577811663671803574560.npz,24,224,224,uint8,20,248,90.37064948049532,0.92,OK
1.2.826.0.1.3680043.8.498.41386994982340115989440944623604069772.npz,24,224,224,uint8,0,252,91.12345543686224,1.01,OK
1.2.826.0.1.3680043.8.498.41786504123190759621834893248893641957.npz,24,224,224,uint8,0,250,90.8546142578125,0.74,OK
1.2.826.0.1.3680043.8.498.42068331116015651482318423716122554633.npz,24,224,224,uint8,22,251,88.76810875717474,0.77,OK
1.2.826.0.1.3680043.8.498.43967184186559311591255687928402974794.npz,24,224,224,uint8,0,253,94.00831905027636,0.94,OK
1.2.826.0.1.3680043.8.498.44462336081111744064926954011330884201.npz,24,224,224,uint8,0,252,98.20375445099916,1.0,OK
1.2.826.0.1.3680043.8.498.44838574759714801507236702251841684624.npz,24,224,224,uint8,24,247,89.98670928332271,0.77,OK
1.2.826.0.1.3680043.8.498.45011939244154780930592418743327137113.npz,24,224,224,uint8,0,252,96.25932716836735,0.79,OK
1.2.826.0.1.3680043.8.498.45434640657520982642976588107285811845.npz,24,224,224,uint8,0,250,96.9904403167517,0.98,OK
1.2.826.0.1.3680043.8.498.45577004058078194978884266589385913688.npz,24,224,224,uint8,0,251,96.24038550967262,0.81,OK
1.2.826.0.1.3680043.8.498.46066382287111309319960146442580223853.npz,24,224,224,uint8,11,247,97.50429737324617,0.98,OK
1.2.826.0.1.3680043.8.498.46127653962961269010827143317373397777.npz,24,224,224,uint8,16,245,91.71870847948554,0.9,OK
1.2.826.0.1.3680043.8.498.46485974091860453017519079340625804011.npz,24,224,224,uint8,0,248,95.34945824032738,0.74,OK
1.2.826.0.1.3680043.8.498.46699396562036490964108080683282499372.npz,24,224,224,uint8,16,250,88.2131115141369,0.84,OK
1.2.826.0.1.3680043.8.498.48225142523716606731325544800630788645.npz,24,224,224,uint8,0,250,89.46395355017007,0.98,OK
1.2.826.0.1.3680043.8.498.48867926226552814715014504242639517711.npz,24,224,224,uint8,6,245,88.19762187101404,0.92,OK
1.2.826.0.1.3680043.8.498.49022340225674703108931531297813342349.npz,24,224,224,uint8,0,232,106.20388316459396,0.89,OK
1.2.826.0.1.3680043.8.498.49827158912819756308935950191356356849.npz,24,224,224,uint8,0,252,99.53455420254039,0.92,OK
1.2.826.0.1.3680043.8.498.49880757480747876557260665331039050126.npz,24,224,224,uint8,0,253,102.25334323182398,0.66,OK
1.2.826.0.1.3680043.8.498.50232503849667967692138756098068751878.npz,24,224,224,uint8,0,251,93.43014007360757,0.97,OK
1.2.826.0.1.3680043.8.498.50662716624860950107973769066962655604.npz,24,224,224,uint8,0,252,95.72225433142007,1.0,OK
1.2.826.0.1.3680043.8.498.52098575488812247212094796944434462982.npz,24,224,224,uint8,0,248,90.90783276201105,0.76,OK
1.2.826.0.1.3680043.8.498.52575825292714775533800515481156149696.npz,24,224,224,uint8,0,251,95.82636120854592,0.7,OK
1.2.826.0.1.3680043.8.498.52753180293233746385161787593301494421.npz,24,224,224,uint8,0,254,124.98555169137968,0.75,OK
1.2.826.0.1.3680043.8.498.54465200225249126737330535826782296602.npz,24,224,224,uint8,0,253,93.48088478555485,0.85,OK
1.2.826.0.1.3680043.8.498.54496517056330373078905986891937509337.npz,24,224,224,uint8,0,249,88.24845211522108,0.86,OK
1.2.826.0.1.3680043.8.498.54787257581258866147034143601046699491.npz,24,224,224,uint8,0,251,88.96554295546343,0.8,OK
1.2.826.0.1.3680043.8.498.55215746734310754677097851619815704801.npz,24,224,224,uint8,0,252,110.05633337319303,0.83,OK
1.2.826.0.1.3680043.8.498.56075878695554593655776090103946115538.npz,24,224,224,uint8,4,248,91.94003192097152,0.94,OK
1.2.826.0.1.3680043.8.498.56476586152889649918753901981217578832.npz,24,224,224,uint8,0,250,95.9350743715455,0.74,OK
1.2.826.0.1.3680043.8.498.57847201874433701438006051707515630955.npz,24,224,224,uint8,0,249,101.0386580901892,0.98,OK
1.2.826.0.1.3680043.8.498.58247928682956119033091604697458955488.npz,24,224,224,uint8,6,246,99.0363088594813,0.96,OK
1.2.826.0.1.3680043.8.498.58282048410120494300880183022565289017.npz,24,224,224,uint8,0,253,89.0419614623193,0.93,OK
1.2.826.0.1.3680043.8.498.58445936259190390291885179531198837880.npz,24,224,224,uint8,0,250,93.32996186755952,1.0,OK
1.2.826.0.1.3680043.8.498.58542643826756717410079464478563773719.npz,24,224,224,uint8,0,248,91.23852372980443,0.83,OK
1.2.826.0.1.3680043.8.498.58589162725899686912147262289926655719.npz,24,224,224,uint8,0,252,93.27145946269133,0.78,OK
1.2.826.0.1.3680043.8.498.58706026685033161589109237855658480444.npz,24,224,224,uint8,6,246,100.12129886134142,0.89,OK
1.2.826.0.1.3680043.8.498.58758735759979515645166498422291012198.npz,24,224,224,uint8,0,251,92.06819495376276,0.88,OK
1.2.826.0.1.3680043.8.498.59277752391225047203460273436877588732.npz,24,224,224,uint8,0,231,89.93832044536565,0.83,OK
1.2.826.0.1.3680043.8.498.59651370198825515685097710979565648848.npz,24,224,224,uint8,0,249,99.05521481053358,0.98,OK
1.2.826.0.1.3680043.8.498.60132801491926083582491700083257138231.npz,24,224,224,uint8,0,249,99.85261296901574,1.02,OK
1.2.826.0.1.3680043.8.498.60298992056961218190928129503624287804.npz,24,224,224,uint8,5,248,97.52519132653062,0.9,OK
1.2.826.0.1.3680043.8.498.60672898004145481782818295018782799694.npz,24,224,224,uint8,0,240,92.66250797193878,0.94,OK
1.2.826.0.1.3680043.8.498.60968447237385063834900406878517503018.npz,24,224,224,uint8,0,243,100.26803817230017,0.89,OK
1.2.826.0.1.3680043.8.498.61416922003109465449982363520392027035.npz,24,224,224,uint8,0,253,88.72853306361607,0.7,OK
1.2.826.0.1.3680043.8.498.61756497944551572164374627976025597688.npz,24,224,224,uint8,0,242,94.09044911910077,0.88,OK
1.2.826.0.1.3680043.8.498.61803824255873110166848023759356747224.npz,24,224,224,uint8,0,252,103.53211694834184,0.97,OK
1.2.826.0.1.3680043.8.498.61884933630516822310593153104675128503.npz,24,224,224,uint8,0,249,104.10374232700893,0.83,OK
1.2.826.0.1.3680043.8.498.62703830555748841413100581257181788639.npz,24,224,224,uint8,5,247,91.47146212000425,0.91,OK
1.2.826.0.1.3680043.8.498.63102193243767382652350096289896364260.npz,24,224,224,uint8,0,251,88.72687722549958,0.7,OK
1.2.826.0.1.3680043.8.498.63435793266716751389828885446589098487.npz,24,224,224,uint8,0,250,88.22180258822279,0.77,OK
1.2.826.0.1.3680043.8.498.64138448377387627279578230009575267092.npz,24,224,224,uint8,0,253,94.571639495642,0.79,OK
1.2.826.0.1.3680043.8.498.64146847745325599700142998289794744620.npz,24,224,224,uint8,9,248,89.98501441592262,0.81,OK
1.2.826.0.1.3680043.8.498.67262755438159843913745096661039095130.npz,24,224,224,uint8,0,239,104.05101210406038,0.95,OK
1.2.826.0.1.3680043.8.498.67430260897973964461182444804222919081.npz,24,224,224,uint8,0,243,89.22403223984907,0.84,OK
1.2.826.0.1.3680043.8.498.67534194468517418432836440681519811980.npz,24,224,224,uint8,0,251,88.68423814838435,0.96,OK
1.2.826.0.1.3680043.8.498.67599935957622051533829293650249121345.npz,24,224,224,uint8,6,248,89.23669350552721,0.92,OK
1.2.826.0.1.3680043.8.498.67728755011495175722943980277876949575.npz,24,224,224,uint8,0,255,93.39124780771684,0.7,OK
1.2.826.0.1.3680043.8.498.67859043925597585921591407089453470215.npz,24,224,224,uint8,0,252,91.69473868649023,0.97,OK
1.2.826.0.1.3680043.8.498.67890987531409138009444151065151011784.npz,24,224,224,uint8,0,253,91.42765133397108,0.74,OK
1.2.826.0.1.3680043.8.498.68390584919630341246382655832014279440.npz,24,224,224,uint8,0,247,92.98894474782101,0.93,OK
1.2.826.0.1.3680043.8.498.68525949475482840953022307463227096001.npz,24,224,224,uint8,0,250,88.31400968590562,0.82,OK
1.2.826.0.1.3680043.8.498.69783908410864161211158583420543900194.npz,24,224,224,uint8,20,247,95.82106568213223,0.92,OK
1.2.826.0.1.3680043.8.498.72591720011372335977352290412127385233.npz,24,224,224,uint8,0,251,99.02784531781462,0.96,OK
1.2.826.0.1.3680043.8.498.73218536788406482353311453087220459950.npz,24,224,224,uint8,0,251,94.54449172247024,0.73,OK
1.2.826.0.1.3680043.8.498.73919372051804568358688467137260265719.npz,24,224,224,uint8,0,250,96.4046323607568,0.76,OK
1.2.826.0.1.3680043.8.498.74529313647742425100980825549653181202.npz,24,224,224,uint8,0,251,90.37008563190902,0.72,OK
1.2.826.0.1.3680043.8.498.74767954159147731439215137785186844702.npz,24,224,224,uint8,0,251,113.27047127444727,0.99,OK
1.2.826.0.1.3680043.8.498.74927290647005440467944858919815515366.npz,24,224,224,uint8,0,247,99.59132686277636,0.87,OK
1.2.826.0.1.3680043.8.498.75940149982100115964289949729201591790.npz,24,224,224,uint8,0,244,129.55246117001488,0.87,OK
1.2.826.0.1.3680043.8.498.75957424148045333858655809493228443717.npz,24,224,224,uint8,0,248,95.11598838754252,0.94,OK
1.2.826.0.1.3680043.8.498.77134810976271971886385069328216524007.npz,24,224,224,uint8,0,251,105.48530755075468,0.97,OK
1.2.826.0.1.3680043.8.498.77174146563970283436603471770263283736.npz,24,224,224,uint8,8,247,100.06272753241922,0.98,OK
1.2.826.0.1.3680043.8.498.77874791346378819343113775945914406827.npz,24,224,224,uint8,0,246,95.15840491470026,0.73,OK
1.2.826.0.1.3680043.8.498.78366110185732494999906925021098706057.npz,24,224,224,uint8,0,251,90.9824144013074,0.87,OK
1.2.826.0.1.3680043.8.498.78450875181134717328009324295953749755.npz,24,224,224,uint8,0,252,94.05767946827169,0.73,OK
1.2.826.0.1.3680043.8.498.80497338217356011526281188664963830642.npz,24,224,224,uint8,0,253,95.65990795732355,0.82,OK
1.2.826.0.1.3680043.8.498.80538500333479960714806018769009133219.npz,24,224,224,uint8,0,252,97.25941851349916,0.75,OK
1.2.826.0.1.3680043.8.498.80578660557040452814256943827961916646.npz,24,224,224,uint8,5,248,95.41284262728529,0.91,OK
1.2.826.0.1.3680043.8.498.80611727050911496363292930543923882489.npz,24,224,224,uint8,0,245,91.30685321003402,0.76,OK
1.2.826.0.1.3680043.8.498.80980942647345992049813780515725818794.npz,24,224,224,uint8,5,245,89.58215830277423,0.88,OK
1.2.826.0.1.3680043.8.498.81084171603553369816257504401663206753.npz,24,224,224,uint8,0,251,98.00536445046768,0.98,OK
1.2.826.0.1.3680043.8.498.81386786135438175200303028554043057252.npz,24,224,224,uint8,3,246,99.96713734321854,0.93,OK
1.2.826.0.1.3680043.8.498.82418341380517912098084905365302434466.npz,24,224,224,uint8,0,251,105.81615961814413,1.0,OK
1.2.826.0.1.3680043.8.498.83022921455895055965147306763792827867.npz,24,224,224,uint8,0,253,122.67474905001063,0.9,OK
1.2.826.0.1.3680043.8.498.83119563715158751970459179214373044001.npz,24,224,224,uint8,0,252,119.87264412600977,1.04,OK
1.2.826.0.1.3680043.8.498.83725569270209380550746733386381525626.npz,24,224,224,uint8,5,245,90.71166826105443,0.88,OK
1.2.826.0.1.3680043.8.498.83950279556675315393700306013850947534.npz,24,224,224,uint8,3,250,89.01895411484907,0.81,OK
1.2.826.0.1.3680043.8.498.84575412086853971739258213886849399474.npz,24,224,224,uint8,0,252,92.27910505022321,0.97,OK
1.2.826.0.1.3680043.8.498.84609387082130830237494518509865804460.npz,24,224,224,uint8,0,252,121.67647796423257,1.02,OK
1.2.826.0.1.3680043.8.498.84728877396463898626420862246288300451.npz,24,224,224,uint8,0,253,92.8324962797619,0.95,OK
1.2.826.0.1.3680043.8.498.84786823210501751449532019160534682143.npz,24,224,224,uint8,6,247,94.9474865141369,0.89,OK
1.2.826.0.1.3680043.8.498.86345304094745567466552937862387494643.npz,24,224,224,uint8,2,255,119.40949524340986,0.77,OK
1.2.826.0.1.3680043.8.498.86630329079425427984807052759302248720.npz,24,224,224,uint8,0,252,88.42090175914116,0.82,OK
1.2.826.0.1.3680043.8.498.86650093216346141241806212373691377883.npz,24,224,224,uint8,0,251,89.84994070870536,0.96,OK
1.2.826.0.1.3680043.8.498.87826991828498042317417488750770146159.npz,24,224,224,uint8,0,244,90.71635011426446,0.76,OK
1.2.826.0.1.3680043.8.498.87918729980231637897787163933708419654.npz,24,224,224,uint8,0,251,123.6672977784864,1.03,OK
1.2.826.0.1.3680043.8.498.88329491824702062150385993467207269750.npz,24,224,224,uint8,0,251,91.20378517617985,0.87,OK
1.2.826.0.1.3680043.8.498.88773960893971809432349013133060938098.npz,24,224,224,uint8,4,248,102.9026111421131,0.96,OK
1.2.826.0.1.3680043.8.498.88994166362456138288389295970487292273.npz,24,224,224,uint8,0,248,92.54133284173044,0.96,OK
1.2.826.0.1.3680043.8.498.89676638518543935801069871010178592571.npz,24,224,224,uint8,7,245,102.61355445498512,0.94,OK
1.2.826.0.1.3680043.8.498.90460618934739910206089272981524548487.npz,24,224,224,uint8,23,248,91.59336219839498,0.88,OK
1.2.826.0.1.3680043.8.498.91137285493899938814643274473978270866.npz,24,224,224,uint8,0,250,89.01708901333971,0.78,OK
1.2.826.0.1.3680043.8.498.91404408332153299904219484031387665689.npz,24,224,224,uint8,0,249,93.5671610929528,0.96,OK
1.2.826.0.1.3680043.8.498.91567473710585569295382775985895707391.npz,24,224,224,uint8,0,246,103.36372053704294,0.96,OK
1.2.826.0.1.3680043.8.498.91779232878306879025700337854014792298.npz,24,224,224,uint8,5,248,106.04035046635842,0.93,OK
1.2.826.0.1.3680043.8.498.92831160101233309784561836469873233259.npz,24,224,224,uint8,0,246,90.94720583545919,0.98,OK
1.2.826.0.1.3680043.8.498.93029383265993951006674736578557105140.npz,24,224,224,uint8,0,252,89.4689019650829,0.73,OK
1.2.826.0.1.3680043.8.498.93670395223792512293996254829085321413.npz,24,224,224,uint8,0,227,88.20236600499575,0.81,OK
1.2.826.0.1.3680043.8.498.96209010301828647894769821695346562942.npz,24,224,224,uint8,0,249,97.22658326025723,0.95,OK
1.2.826.0.1.3680043.8.498.96371873040537284572175608603291741446.npz,24,224,224,uint8,0,252,89.95253125664328,0.98,OK
1.2.826.0.1.3680043.8.498.96450439742561973116177317430227436266.npz,24,224,224,uint8,0,242,93.13736065715348,0.97,OK
1.2.826.0.1.3680043.8.498.97801593074967272818426686425783684019.npz,24,224,224,uint8,0,247,90.90935241284014,0.77,OK
1.2.826.0.1.3680043.8.498.98088158106162517036349306062117146158.npz,24,224,224,uint8,0,251,93.48383191167092,0.87,OK
1.2.826.0.1.3680043.8.498.98102326384022384988135161740715554081.npz,24,224,224,uint8,0,224,91.83248050196642,0.86,OK
1.2.826.0.1.3680043.8.498.98245099402587417357529873580269242442.npz,24,224,224,uint8,0,247,108.82562712585035,1.02,OK
1.2.826.0.1.3680043.8.498.98726920095602376402169723234889785811.npz,24,224,224,uint8,5,248,88.64999784093325,0.84,OK
1.2.826.0.1.3680043.8.498.99077228020457212663308522930032277692.npz,24,224,224,uint8,10,243,97.81096291055485,0.91,OK
1.2.826.0.1.3680043.8.498.99530910487841282080925925641871850306.npz,24,224,224,uint8,0,247,100.96154868197279,0.92,OK
1.2.826.0.1.3680043.8.498.99610843995157325466722641496744853850.npz,24,224,224,uint8,0,249,95.35580755739795,0.97,OK
1.2.826.0.1.3680043.8.498.99756865494595141142824145518281660651.npz,24,224,224,uint8,0,250,106.64110829878827,0.8,OK
1.2.826.0.1.3680043.8.498.99833984019170770899810570361289185437.npz,24,224,224,uint8,0,251,95.31146115672831,0.74,OK
1.2.826.0.1.3680043.8.498.99986085542110348438606173663301745221.npz,24,224,224,uint8,0,251,93.21467683753188,0.96,OK
